What's everyone working on this week?,0
Python for Algorithmic Trading and Investing tutorial series,1
I wrote Flametree  a Python library to simplify file reading and writing. It also works with Zip archives.,0
Using functional programming in Python like a boss: Generators  Iterators and Decorators,0
Markov Chains amuse me  so I made a Flask site that uses them to generate Cards Against Humanity answer cards: Chains Invent Insanity,0
Guide to Encoding Categorical Values in Python,0
Looking for a Python library for creating dynamic pdf files,0
Write your first web crawler in Python Scrapy,1
rinohtype - the Python document processor (FOSDEM 2017 talk),1
YAPF: A formatter for Python files,0
detect key press?,0
Python beginner courses,0
Pyract: A new way of writing Gtk+ applications,1
Need to Relearn Python to use Sagemath,0
An Unexpected Toolbox for a Beginner Programmer: Emacs-Colemak-Sands and why I use it,0
block: An intelligent block matrix library for numpy  Torch  and beyond.,1
Looking for help on scrapping,0
Python does not return memory to Linux?,0
Choosing R or Python for data analysis? An infographic,1
Build Your First Python and Django Application,0
Gunicorn & LRU cache pitfall,0
Need some help using a python script.,0
Best way to get into Data Sciense with Python,0
python option autosuggestion package,0
pprofile + matplotlib = Python program profiled as an awesome heatmap!,1
Build a Twitter sentiment analysis model in less than 100 lines of code using scikit-learn and Pandas,1
doubt in python programming. How to modify Dijkstra's algorithm in python to compute shortest path only to the edges which are not in the list of another function?i used the code which is in this link : http://www.bogotobogo.com/python/python_Dijkstras_Shortest_Path_Algorithm.php,0
(Interview) Parsers and language design with Dave Beazley and Erik Rose,0
Getting Started with MongoDB and Python,0
Help for assignment needed.,0
Looking for example of full procedure of data evaluation,0
Trying to use PyCallGraph on Mac  running into dot command issue,0
how to pass a dictionary key to beautifulsoup del x["class"] ?,0
Using urllib to get HTML code of a webpage,0
Cool command line tool to text someone with Google Voice once you connect to a specified SSID,1
Color quantization using k-means,1
Hi I want to learn python  need advice,0
Why Can't I Install the Random Module?,0
Up and Running with Python,0
Overwhelmed with what to do. Need help.,0
Simple Audio Indexer: Indexes audio files and searches for words/phrases or matches regex patterns within them,1
Hello  I'm new! Can you recommend me a good IDE? (Windows),0
Using Python to automate Marketing,0
What Python can i learn to get myself hired?,0
How do you use Falcon webframework,0
Bayesian Linear Regression w/ pymc3,1
Hi  I'm beginner and i found this error in my Discord bot for music  so what should I modify at it ?,0
How would I go about deleting Facebook posts I've made using a Python script?,0
Python PIP update command - No response from CLI on Windows <NOOB>,0
Remote ipython notebook for ~30 users,0
General help - code structure - finances program,0
how to install custom theme for idle on mac?,0
Sticking with Flask vs switching to one of the new async frameworks?,0
I cant figure it out,0
Trying to make a calculator with Tkinter  need some help,0
It's metaclasses all the way down: Understanding and using Python's metaprogramming facilities,0
Multi-threaded SQLite without the OperationalErrors,0
Beautiful 3D Visualization Platform for Python Data Processing - with NumPy  SciPy  and sample datasets - just released 0.9.3 with better rendering! [open-source  open-science],0
Beginner to Python Questions,0
How Would You Do This?,0
Openpyxl conditional formatting question,0
Great python for Excel guide,0
what version of python is better for network programming?,0
LED intesity detection,0
Why is the / included in this regular Expression?,0
Improving your code with container methods,0
PDF parsing: Can python handle this?,0
Pycharm doesn't recognize asyncio keywords.,0
Recommended IDE for the following tasks:,0
Python 3.x Apache Hive client to create/drop/inserting into tables,0
How to build a TV remote in Python with Beeware,0
Course advice - I'm thinking of taking Thinkful.coms Python class (as prep for the one on using Python for Data Science). Does the syllabus look good?,0
Sorting an array,0
PyFunctional 1.0.0,0
Question!?!?!?!,0
Python Top 10 Articles for the Past Year,1
Sublime Text plugin for Sphinx Autodoc,0
A million requests per second with Python,1
Distributing a script on windows is surprisingly challenging.,0
Fetch the part of YouTube video based on lyrics,0
Idea - PyMC3 distributions embedded in NetworkX Directed Graph,0
What happened to the Gilectomy ?,0
Personal thoughts about Pyston’s outcome,0
Any good websites/articles to help improve basic python,0
Here's why Python is an awesome language for beginners.,0
Baltimore  MD Python Programmer/Engineer needed for client in video game industry,0
My coworker just wrote this. Today was a good day.,0
system for capturing computation input and results,0
executing a python script in HTML,0
How to Do Mathematics Easily - Intro to Deep Learning #4,1
Bridging the Flask / Django divide with Flask-Diamond (audio),0
Python Wiki inaccessible due to an invalid SSL certificate,0
Can You answer These Python interview Questions?,0
Developing a Survey App through Python,0
What can I use to diff versions of a Jupyter script?,0
Deep Learning for Chess using Theano,1
Tools for causal analysis,1
Data Science in Python: Pandas Cheat Sheet,1
Has anyone tried Google's grumpy?,1
Hey reddit  i wrote my first python script! feedback appreciated!,0
How do I install and use pip?,0
